<?xml version="1.0" encoding="UTF-8"?>
<!DOCTYPE mapper
  PUBLIC "-//mybatis.org//DTD Mapper 3.0//EN"
  "https://mybatis.org/dtd/mybatis-3-mapper.dtd">
  
 <!-- DAO 대신 매퍼인터페이스를 사용하는 경우, 
      namespace 속성에 패키지이름이 포함된 인터페이스이름을 설정합니다-->
<mapper namespace="com.spring.mypro00.mapper.MyBoardAttachFileMapper">

<!--첨부파일 추가 -->
	<insert id="insertAttachFile">
		INSERT INTO book_ex.tbl_myAttachFiles 
		VALUES(#{uuid}, #{uploadPath} , #{fileName}, #{fileType}, #{bno})
	</insert>

<!-- 특정 게시물의 모든 첨부파일 조회 -->	
	<select id="selectBoardAttachFileList" resultType="com.spring.mypro00.domain.MyBoardAttachFileVO">
		SELECT uuid, uploadPath, fileName, fileType, bno
		FROM book_ex.tbl_myattachfiles 
		WHERE bno = #{bno}
	
	</select>

<!--특정 첨부파일 삭제 -->	
	<delete id="deleteAttachFile">
		DELETE FROM book_ex.tbl_myattachfiles WHERE uuid = #{uuid} 
	</delete>

<!-- 특정 게시물의 모든 첨부파일 삭제 -->
	<delete id="deleteBoardAllAttachFiles">
		DELETE FROM book_ex.tbl_myattachfiles WHERE bno = #{bno} 
	</delete>
	
<!-- 하루 전 날짜 이전의 모든 첨부파일 정보 조회 -->	
	<select id="selectAttachFilesBeforeOneDay" resultType="com.spring.mypro00.domain.MyBoardAttachFileVO">
	<![CDATA[
		SELECT uuid, uploadpath, filename, filetype, bno
		FROM book_ex.tbl_myattachfiles
		WHERE uploadpath <= TO_CHAR((sysdate - 1), 'yyyy/MM/dd')
	]]>
	</select>
	
	
	


</mapper>