<?xml version="1.0" encoding="UTF-8"?>
<!DOCTYPE mapper
  PUBLIC "-//mybatis.org//DTD Mapper 3.0//EN"
  "https://mybatis.org/dtd/mybatis-3-mapper.dtd">
  
<mapper namespace="com.spring.mypro00.mapper.MyReplyMapper">

<!-- 특정 게시물에 대한 댓글 목록 조회 --><!-- 
	<select id="selectMyReplyList" resultType="com.spring.mypro00.domain.MyReplyVO">
		SELECT bno, rno, rcontent, rwriter, rregDate, rmodDate, prno, LEVEL AS lvl 
		FROM ( SELECT /*+ INDEX (a IDX_MYREPLY_BNO_RNO) */ *
		       FROM book_ex.tbl_myreply a
		       WHERE bno = #{bno} ) 
		START WITH prno IS NULL
		CONNECT BY PRIOR rno = prno 
		ORDER SIBLINGS BY rregDate 
	</select> -->

<!-- 특정 게시물에 대한 댓글 목록 조회: 페이징 고려 -->


	<select id="selectMyReplyList" resultType="com.spring.mypro00.domain.MyReplyVO">
	<![CDATA[
		SELECT bno, rno, rcontent, rwriter, rregDate, rmodDate, prno, lvl
	    FROM ( SELECT ROWNUM rn, lvl, bno, rno, rcontent, rwriter, rregDate, rmodDate, prno
       		   FROM ( SELECT LEVEL lvl, bno, rno, rcontent, rwriter, rregDate, rmodDate, prno
              		  FROM ( SELECT /*+ INDEX_ASC (a IDX_MYREPLY_BNO_RNO) */ *
                     		 FROM book_ex.tbl_myreply
                     		 WHERE bno = #{bno} ) 
              		  START WITH prno IS NULL
              		  CONNECT BY PRIOR rno = prno
              		 )
        	   WHERE rownum <= #{pageNum} * #{rowAmountPerPage}
      		 )
		WHERE rn >= #{pageNum} * #{rowAmountPerPage}
		                 -(#{rowAmountPerPage} - 1)
	
	]]>
	</select>	
	
	<select id="selectReplyTotalCnt" resultType="long">
		SELECT COUNT(*) replyTotalCnt FROM book_ex.tbl_myreply WHERE bno = #{bno}
	</select>

<!-- 특정 게시물에 대한 댓글 등록-->
	<insert id="insertMyReplyForBoard">
		<selectKey keyProperty="rno" order="BEFORE" resultType="long">
			SELECT book_ex.seq_myreply.nextval FROM dual
		</selectKey>
	
		INSERT INTO book_ex.tbl_myreply
		VALUES (#{rno}, #{bno}, #{rcontent}, #{rwriter}, DEFAULT, DEFAULT, DEFAULT )
	</insert>
	
<!-- 댓글에 대한 답글 등록-->
	<insert id="insertMyReplyForReply">
		<selectKey keyProperty="rno" order="BEFORE" resultType="long">
			SELECT book_ex.seq_myreply.nextval FROM dual
		</selectKey>

		INSERT INTO book_ex.tbl_myreply
		VALUES (#{rno}, #{bno}, #{rcontent}, #{rwriter}, DEFAULT, DEFAULT, #{prno} )

	</insert>
	
<!-- 특정 게시물에 대한 특정 댓글/답글 조회-->
	<select id="selectMyReply" resultType="com.spring.mypro00.domain.MyReplyVO">
		SELECT rno, bno, rcontent, rwriter, rregDate, rmodDate, prno
		FROM book_ex.tbl_myreply
		WHERE bno = #{bno} AND rno = #{rno}
	</select>	

<!-- 특정 게시물에 대한 특정 댓글/답글 수정 -->	
	<update id="updateMyReply">
		UPDATE book_ex.tbl_myreply
		SET rcontent = #{rcontent},
    		rmoddate = DEFAULT
		WHERE bno = #{bno} AND rno = #{rno} 
	
	</update>
	
<!-- 특정 게시물에 대한 특정 댓글/답글 삭제 -->
	<delete id="deleteMyReply">
		DELETE FROM book_ex.tbl_myreply WHERE bno = #{bno} AND rno = #{rno}
	</delete>

</mapper>