<?xml version="1.0" encoding="UTF-8"?>
<beans xmlns="http://www.springframework.org/schema/beans"
	xmlns:xsi="http://www.w3.org/2001/XMLSchema-instance"
	xmlns:security="http://www.springframework.org/schema/security"
	xsi:schemaLocation="http://www.springframework.org/schema/security http://www.springframework.org/schema/security/spring-security-5.4.xsd
		http://www.springframework.org/schema/beans http://www.springframework.org/schema/beans/spring-beans.xsd">


<!-- 사용자 password 암호화 처리 빈: BCrypt 방식 암호화 -->
	<bean id="bCryptPasswordEncoder" class="org.springframework.security.crypto.bcrypt.BCryptPasswordEncoder"/>
	
<!-- 데이터베이스의 사용자 정보를 가져와서 userdetails 유형으로 변환하여 스프링 provider에게 전달 -->	
	<bean id="myMemberDetailsService" class="com.spring.mypro00.common.security.MyMemberDetailsService"/>

<!-- AccessDeniedHandler 구현클래스 빈 -->
	<bean id="myAccessDeniedHandler" class="com.spring.mypro00.common.security.MyAccessDeniedHandler"/>

<!-- AuthenticationSuccessHandler 구현클래스 빈 등록 추가--><!-- 
    <bean id="myLoginSuccessHandler" class="com.spring.mypro00.common.security.MyLoginSuccessHandler"/> -->
	<bean id="myLoginSuccessHandler2" class="com.spring.mypro00.common.security.MyLoginSuccessHandler2"/>
	
	<security:http><!-- 
		<security:csrf /> -->
	
								<!-- pattern 속성에는 contextPath를 포함하지 않습니다. --><!-- 
		<security:intercept-url pattern="/**" access="permitAll"/> --><!-- 
		<security:intercept-url pattern="/" access="permitAll"/>
		<security:intercept-url pattern="/myboard/list" access="permitAll" />
		<security:intercept-url pattern="/myboard/modify" access="hasRole('ROLE_MANAGER')" />
		<security:intercept-url pattern="/myboard/register" access="hasAnyRole('ROLE_USER','ROLE_MANAGER', 'ADMIN' )" />
		<security:intercept-url pattern="/myboard/detail" access="hasAnyAuthority('ROLE_USER', 'ADMIN' )" /> -->  <!-- pdf 428p -->
<!-- 		
		<security:intercept-url pattern="/" access="permitAll" />
		<security:intercept-url pattern="/myboard/list" access="permitAll" />
		<security:intercept-url pattern="/myboard/modify" access="hasRole('ROLE_MEMBER')" />
		<security:intercept-url pattern="/myboard/register" access="hasAnyRole('ROLE_MEMBER','ROLE_USER' )" />
		<security:intercept-url pattern="/myboard/detail" access="hasAuthority('ROLE_ADMIN')" /> -->
		
		
		<!-- 게시물 목록: 로그인 하지않아도 게시물 목록 표시는 가능 -->
		<security:intercept-url pattern="/myboard/list" access="permitAll"/><!-- 
		<security:intercept-url pattern="/myboard/register" access="isAuthenticated()" /> --><!-- @preAuthorize("isAuthenticated()") -->
		<security:intercept-url pattern="/myboard/detail" access="permitAll"/>
		<security:intercept-url pattern="/myboard/modify" access="permitAll"/>
<!-- 	
		<security:form-login login-page="/myLogin" login-processing-url="/myLoginProcess" /> -->
		<security:form-login login-page="/login" login-processing-url="/login"  
		                     default-target-url="/myboard/list"
		                     authentication-success-handler-ref="myLoginSuccessHandler2" />
<!-- 		
		<security:logout logout-url="/myLogoutProcess"/> -->
		<security:logout logout-url="/logout" logout-success-url="/?logout"/>
		
		<security:remember-me data-source-ref="dataSource" 
		                      remember-me-parameter="remember-me"
		                      token-validity-seconds="2592000"/>
		<!--                       
		<security:access-denied-handler error-page="/accessForbiddenError"/> -->
		<security:access-denied-handler ref="myAccessDeniedHandler"/>
		
		
	
	</security:http>
	<security:authentication-manager>
		<security:authentication-provider user-service-ref="myMemberDetailsService">
			<security:password-encoder ref="bCryptPasswordEncoder"/>
		</security:authentication-provider>
	</security:authentication-manager>


</beans>
